Shot Number,Time,Overall Score,Set Point Elbow,Knee Drive,Extension,Balance Score,Feedback
10,下午01:17:27,74,87,95,37,91,"️ 動作需要調整：出手沒有完全推直手臂 (最高角度僅 144°)，請在最高點將手臂推直。"
9,下午01:16:12,56,0,78,99,73,"️ 動作需要調整：手肘準備夾角 (26°) 偏差過大，請維持接近90度的直角架勢。"
8,下午01:15:50,76,63,69,85,100," 良好投籃！舉球投籃準備時，手肘角度過小（夾角太深），建議撐開至約90度；屈膝不夠或出手時膝蓋未完全蹬直，將缺少力量來源。"
7,下午01:15:34,78,56,85,98,78," 良好投籃！舉球投籃準備時，手肘角度過小（夾角太深），建議撐開至約90度；身體起跳前後軀幹晃動較大，注意保持脊椎挺直與核心平衡。"
6,下午01:15:16,90,99,74,100,73," 完美的投籃動作！出手點極佳，且出手後跟隨動作與膝蓋登地釋放力量配合得無懈可擊，請保持此肌肉記憶。"
5,下午01:14:52,60,0,88,98,87,"️ 動作需要調整：手肘準備夾角 (27°) 偏差過大，請維持接近90度的直角架勢。"
4,下午01:13:02,84,65,91,95,96," 良好投籃！準備投籃時手肘過度外張，應注意手肘內收對準籃框。"
3,下午01:12:20,49,0,90,64,78,"️ 動作需要調整：手肘準備夾角 (8°) 偏差過大，請維持接近90度的直角架勢；出手沒有完全推直手臂 (最高角度僅 153°)，請在最高點將手臂推直。"
2,下午01:12:00,45,0,78,52,91,"️ 動作需要調整：手肘準備夾角 (6°) 偏差過大，請維持接近90度的直角架勢；出手沒有完全推直手臂 (最高角度僅 149°)，請在最高點將手臂推直。"
1,下午01:11:55,78,65,71,96,82," 良好投籃！舉球投籃準備時，手肘角度過小（夾角太深），建議撐開至約90度；屈膝不夠或出手時膝蓋未完全蹬直，將缺少力量來源。"
